{
    "tactic": "4-4-2 double 6",
    "total_score": 8.15,
    "players": [
        {
            "role": "UTILITY",
            "player": {
                "ID_transfermarkt": "139503",
                "name": "E. Valencia",
                "score": 0.5548494746254446,
                "roles": {
                    "SECOND_STRIKER": {
                        "weight": 0.4,
                        "score": 0.35091761967284113
                    },
                    "STRIKER": {
                        "weight": 1.0,
                        "score": 0.5548494746254446
                    },
                    "UTILITY": {
                        "weight": 1.4,
                        "score": 0.5548494746254446
                    }
                }
            },
            "score": 0.55,
            "role_weight": 1.4
        },
        {
            "role": "STRIKER",
            "player": {
                "ID_transfermarkt": "30916",
                "name": "C. Benítez",
                "score": 0.46074077958998366,
                "roles": {
                    "SECOND_STRIKER": {
                        "weight": 0.4,
                        "score": 0.2913980548851937
                    },
                    "STRIKER": {
                        "weight": 1.0,
                        "score": 0.46074077958998366
                    },
                    "UTILITY": {
                        "weight": 1.4,
                        "score": 0.46074077958998366
                    }
                }
            },
            "score": 0.46,
            "role_weight": 1.0
        },
        {
            "role": "STRIKER",
            "player": {
                "ID_transfermarkt": "3849",
                "name": "A. Delgado",
                "score": 0.42318725391185763,
                "roles": {
                    "SECOND_STRIKER": {
                        "weight": 0.4,
                        "score": 0.2676471198226942
                    },
                    "STRIKER": {
                        "weight": 1.0,
                        "score": 0.42318725391185763
                    },
                    "UTILITY": {
                        "weight": 1.4,
                        "score": 0.42318725391185763
                    }
                }
            },
            "score": 0.42,
            "role_weight": 1.0
        },
        {
            "role": "CENTER_BACK",
            "player": {
                "ID_transfermarkt": "15639",
                "name": "I. Hurtado",
                "score": 0.41349493070175436,
                "roles": {
                    "CENTER_BACK": {
                        "weight": 1.0,
                        "score": 0.41349493070175436
                    },
                    "SWEEPER": {
                        "weight": 0.5,
                        "score": 0.29238506948547205
                    },
                    "WIDE_CENTER_BACK": {
                        "weight": 1.0,
                        "score": 0.41349493070175436
                    },
                    "UTILITY": {
                        "weight": 2.5,
                        "score": 0.41349493070175436
                    }
                }
            },
            "score": 0.41,
            "role_weight": 1.0
        },
        {
            "role": "FULLBACK",
            "player": {
                "ID_transfermarkt": "22589",
                "name": "W. Ayoví",
                "score": 0.41200352678275287,
                "roles": {
                    "WIDE_CENTER_BACK": {
                        "weight": 0.8,
                        "score": 0.36850715714235627
                    },
                    "FULLBACK": {
                        "weight": 1.0,
                        "score": 0.41200352678275287
                    },
                    "WING_BACK": {
                        "weight": 0.7,
                        "score": 0.34470688165019076
                    },
                    "UTILITY": {
                        "weight": 2.5,
                        "score": 0.41200352678275287
                    }
                }
            },
            "score": 0.41,
            "role_weight": 1.0
        },
        {
            "role": "STRIKER",
            "player": {
                "ID_transfermarkt": "487654",
                "name": "E. Hurtado",
                "score": 0.4096188517427099,
                "roles": {
                    "SECOND_STRIKER": {
                        "weight": 0.4,
                        "score": 0.259065708809959
                    },
                    "STRIKER": {
                        "weight": 1.0,
                        "score": 0.4096188517427099
                    },
                    "UTILITY": {
                        "weight": 1.4,
                        "score": 0.4096188517427099
                    }
                }
            },
            "score": 0.41,
            "role_weight": 1.0
        },
        {
            "role": "STRIKER",
            "player": {
                "ID_transfermarkt": "39866",
                "name": "C. Tenorio",
                "score": 0.38002912874923195,
                "roles": {
                    "SECOND_STRIKER": {
                        "weight": 0.4,
                        "score": 0.2403515248113898
                    },
                    "STRIKER": {
                        "weight": 1.0,
                        "score": 0.38002912874923195
                    },
                    "UTILITY": {
                        "weight": 1.4,
                        "score": 0.38002912874923195
                    }
                }
            },
            "score": 0.38,
            "role_weight": 1.0
        },
        {
            "role": "WIDE_MID",
            "player": {
                "ID_transfermarkt": "33544",
                "name": "A. Valencia",
                "score": 0.377396818115942,
                "roles": {
                    "WIDE_MID": {
                        "weight": 0.76,
                        "score": 0.32900691835623824
                    },
                    "WINGER": {
                        "weight": 0.8799999999999999,
                        "score": 0.3540295966796461
                    },
                    "WING_BACK": {
                        "weight": 0.16000000000000003,
                        "score": 0.15095872724637682
                    },
                    "UTILITY": {
                        "weight": 1.7999999999999998,
                        "score": 0.377396818115942
                    }
                }
            },
            "score": 0.33,
            "role_weight": 0.76
        },
        {
            "role": "DEFENSIVE_MID",
            "player": {
                "ID_transfermarkt": "38763",
                "name": "S. Castillo",
                "score": 0.3730638333030268,
                "roles": {
                    "DEFENSIVE_MID": {
                        "weight": 1.0,
                        "score": 0.3730638333030268
                    },
                    "CENTRAL_MID": {
                        "weight": 0.5,
                        "score": 0.26379596634401803
                    },
                    "UTILITY": {
                        "weight": 1.5,
                        "score": 0.3730638333030268
                    }
                }
            },
            "score": 0.37,
            "role_weight": 1.0
        },
        {
            "role": "CENTRAL_MID",
            "player": {
                "ID_transfermarkt": "2816",
                "name": "É. Méndez",
                "score": 0.368275705376344,
                "roles": {
                    "DEFENSIVE_MID": {
                        "weight": 0.3,
                        "score": 0.2017129112157502
                    },
                    "CENTRAL_MID": {
                        "weight": 0.85,